State,District,Year,CancerType,RateType,Race,Sex,Rate,Count
'Alabama','District 1','2012-2016','All Cancer Sites Combined','Incidence','All Races','Male and Female','444.6','19058'
'Alabama','District 2','2012-2016','All Cancer Sites Combined','Incidence','All Races','Male and Female','451.5','18362'
'Alabama','District 3','2012-2016','All Cancer Sites Combined','Incidence','All Races','Male and Female','450.0','18403'
'Alabama','District 4','2012-2016','All Cancer Sites Combined','Incidence','All Races','Male and Female','453.7','19578'
'Alabama','District 5','2012-2016','All Cancer Sites Combined','Incidence','All Races','Male and Female','451.0','18906'
'Alabama','District 6','2012-2016','All Cancer Sites Combined','Incidence','All Races','Male and Female','441.4','17637'
'Alabama','District 7','2012-2016','All Cancer Sites Combined','Incidence','All Races','Male and Female','454.8','17776'
'Alaska','One at large','2012-2016','All Cancer Sites Combined','Incidence','All Races','Male and Female','413.1','13918'
'Arizona','District 1','2012-2016','All Cancer Sites Combined','Incidence','All Races','Male and Female','352.9','15207'
'Arizona','District 2','2012-2016','All Cancer Sites Combined','Incidence','All Races','Male and Female','383.4','17603'
'Arizona','District 3','2012-2016','All Cancer Sites Combined','Incidence','All Races','Male and Female','376.3','16321'
'Arizona','District 4','2012-2016','All Cancer Sites Combined','Incidence','All Races','Male and Female','390.2','22467'
'Arizona','District 5','2012-2016','All Cancer Sites Combined','Incidence','All Races','Male and Female','395.0','16114'
'Arizona','District 6','2012-2016','All Cancer Sites Combined','Incidence','All Races','Male and Female','395.0','16114'
'Arizona','District 7','2012-2016','All Cancer Sites Combined','Incidence','All Races','Male and Female','395.0','16108'
'Arizona','District 8','2012-2016','All Cancer Sites Combined','Incidence','All Races','Male and Female','395.0','16117'
'Arizona','District 9','2012-2016','All Cancer Sites Combined','Incidence','All Races','Male and Female','395.0','16110'
'Arkansas','District 1','2012-2016','All Cancer Sites Combined','Incidence','All Races','Male and Female','469.8','21564'
'Arkansas','District 2','2012-2016','All Cancer Sites Combined','Incidence','All Races','Male and Female','485.4','20488'
'Arkansas','District 3','2012-2016','All Cancer Sites Combined','Incidence','All Races','Male and Female','452.6','18803'
'Arkansas','District 4','2012-2016','All Cancer Sites Combined','Incidence','All Races','Male and Female','458.3','21529'
'California','District 1','2012-2016','All Cancer Sites Combined','Incidence','All Races','Male and Female','456.3','21897'
'California','District 2','2012-2016','All Cancer Sites Combined','Incidence','All Races','Male and Female','436.7','20886'
'California','District 3','2012-2016','All Cancer Sites Combined','Incidence','All Races','Male and Female','422.8','16442'
'California','District 4','2012-2016','All Cancer Sites Combined','Incidence','All Races','Male and Female','440.8','22089'
'California','District 5','2012-2016','All Cancer Sites Combined','Incidence','All Races','Male and Female','435.4','19630'
'California','District 6','2012-2016','All Cancer Sites Combined','Incidence','All Races','Male and Female','432.7','16548'
'California','District 7','2012-2016','All Cancer Sites Combined','Incidence','All Races','Male and Female','434.6','16742'
'California','District 8','2012-2016','All Cancer Sites Combined','Incidence','All Races','Male and Female','404.0','13721'
'California','District 9','2012-2016','All Cancer Sites Combined','Incidence','All Races','Male and Female','417.5','15772'
'California','District 10','2012-2016','All Cancer Sites Combined','Incidence','All Races','Male and Female','415.6','14947'
'California','District 11','2012-2016','All Cancer Sites Combined','Incidence','All Races','Male and Female','427.0','18182'
'California','District 12','2012-2016','All Cancer Sites Combined','Incidence','All Races','Male and Female','406.2','17598'
'California','District 13','2012-2016','All Cancer Sites Combined','Incidence','All Races','Male and Female','392.8','15599'
'California','District 14','2012-2016','All Cancer Sites Combined','Incidence','All Races','Male and Female','413.7','17989'
'California','District 15','2012-2016','All Cancer Sites Combined','Incidence','All Races','Male and Female','396.5','15873'
'California','District 16','2012-2016','All Cancer Sites Combined','Incidence','All Races','Male and Female','394.3','13251'
'California','District 17','2012-2016','All Cancer Sites Combined','Incidence','All Races','Male and Female','391.0','15213'
'California','District 18','2012-2016','All Cancer Sites Combined','Incidence','All Races','Male and Female','397.4','15758'
'California','District 19','2012-2016','All Cancer Sites Combined','Incidence','All Races','Male and Female','390.4','15081'
'California','District 20','2012-2016','All Cancer Sites Combined','Incidence','All Races','Male and Female','405.5','15314'
'California','District 21','2012-2016','All Cancer Sites Combined','Incidence','All Races','Male and Female','390.0','12394'
'California','District 22','2012-2016','All Cancer Sites Combined','Incidence','All Races','Male and Female','385.1','12692'
'California','District 23','2012-2016','All Cancer Sites Combined','Incidence','All Races','Male and Female','391.9','12723'
'California','District 24','2012-2016','All Cancer Sites Combined','Incidence','All Races','Male and Female','432.5','18295'
'California','District 25','2012-2016','All Cancer Sites Combined','Incidence','All Races','Male and Female','387.9','14510'
'California','District 26','2012-2016','All Cancer Sites Combined','Incidence','All Races','Male and Female','414.9','16431'
'California','District 27','2012-2016','All Cancer Sites Combined','Incidence','All Races','Male and Female','383.4','14101'
'California','District 28','2012-2016','All Cancer Sites Combined','Incidence','All Races','Male and Female','382.4','14118'
'California','District 29','2012-2016','All Cancer Sites Combined','Incidence','All Races','Male and Female','382.4','14117'
'California','District 30','2012-2016','All Cancer Sites Combined','Incidence','All Races','Male and Female','382.5','14132'
'California','District 31','2012-2016','All Cancer Sites Combined','Incidence','All Races','Male and Female','405.0','13494'
'California','District 32','2012-2016','All Cancer Sites Combined','Incidence','All Races','Male and Female','382.4','14125'
'California','District 33','2012-2016','All Cancer Sites Combined','Incidence','All Races','Male and Female','382.4','14128'
'California','District 34','2012-2016','All Cancer Sites Combined','Incidence','All Races','Male and Female','382.4','14108'
'California','District 35','2012-2016','All Cancer Sites Combined','Incidence','All Races','Male and Female','400.2','13629'
'California','District 36','2012-2016','All Cancer Sites Combined','Incidence','All Races','Male and Female','404.1','15732'
'California','District 37','2012-2016','All Cancer Sites Combined','Incidence','All Races','Male and Female','382.4','14130'
'California','District 38','2012-2016','All Cancer Sites Combined','Incidence','All Races','Male and Female','382.8','14167'
'California','District 39','2012-2016','All Cancer Sites Combined','Incidence','All Races','Male and Female','398.2','15172'
'California','District 40','2012-2016','All Cancer Sites Combined','Incidence','All Races','Male and Female','382.4','14120'
'California','District 41','2012-2016','All Cancer Sites Combined','Incidence','All Races','Male and Female','404.1','15726'
'California','District 42','2012-2016','All Cancer Sites Combined','Incidence','All Races','Male and Female','404.1','15729'
'California','District 43','2012-2016','All Cancer Sites Combined','Incidence','All Races','Male and Female','382.4','14129'
'California','District 44','2012-2016','All Cancer Sites Combined','Incidence','All Races','Male and Female','382.4','14126'
'California','District 45','2012-2016','All Cancer Sites Combined','Incidence','All Races','Male and Female','404.2','15938'
'California','District 46','2012-2016','All Cancer Sites Combined','Incidence','All Races','Male and Female','404.2','15930'
'California','District 47','2012-2016','All Cancer Sites Combined','Incidence','All Races','Male and Female','391.4','14872'
'California','District 48','2012-2016','All Cancer Sites Combined','Incidence','All Races','Male and Female','404.2','15935'
'California','District 49','2012-2016','All Cancer Sites Combined','Incidence','All Races','Male and Female','413.1','15920'
'California','District 50','2012-2016','All Cancer Sites Combined','Incidence','All Races','Male and Female','414.4','15901'
'California','District 51','2012-2016','All Cancer Sites Combined','Incidence','All Races','Male and Female','409.7','15315'
'California','District 52','2012-2016','All Cancer Sites Combined','Incidence','All Races','Male and Female','415.8','15914'
'California','District 53','2012-2016','All Cancer Sites Combined','Incidence','All Races','Male and Female','415.8','15925'
'Colorado','District 1','2012-2016','All Cancer Sites Combined','Incidence','All Races','Male and Female','416.9','15991'
'Colorado','District 2','2012-2016','All Cancer Sites Combined','Incidence','All Races','Male and Female','385.0','16080'
'Colorado','District 3','2012-2016','All Cancer Sites Combined','Incidence','All Races','Male and Female','384.6','17337'
'Colorado','District 4','2012-2016','All Cancer Sites Combined','Incidence','All Races','Male and Female','386.0','15215'
'Colorado','District 5','2012-2016','All Cancer Sites Combined','Incidence','All Races','Male and Female','429.5','16936'
'Colorado','District 6','2012-2016','All Cancer Sites Combined','Incidence','All Races','Male and Female','404.1','15324'
'Colorado','District 7','2012-2016','All Cancer Sites Combined','Incidence','All Races','Male and Female','408.5','16303'
'Connecticut','District 1','2012-2016','All Cancer Sites Combined','Incidence','All Races','Male and Female','469.9','20961'
'Connecticut','District 2','2012-2016','All Cancer Sites Combined','Incidence','All Races','Male and Female','473.5','20670'
'Connecticut','District 3','2012-2016','All Cancer Sites Combined','Incidence','All Races','Male and Female','477.1','21078'
'Connecticut','District 4','2012-2016','All Cancer Sites Combined','Incidence','All Races','Male and Female','467.9','20178'
'Connecticut','District 5','2012-2016','All Cancer Sites Combined','Incidence','All Races','Male and Female','474.4','21327'
'Delaware','One at large','2012-2016','All Cancer Sites Combined','Incidence','All Races','Male and Female','498.4','29017'
'District of Columbia','One at large','2012-2016','All Cancer Sites Combined','Incidence','All Races','Male and Female','432.2','14066'
'Florida','District 1','2012-2016','All Cancer Sites Combined','Incidence','All Races','Male and Female','453.2','19898'
'Florida','District 2','2012-2016','All Cancer Sites Combined','Incidence','All Races','Male and Female','445.3','20269'
'Florida','District 3','2012-2016','All Cancer Sites Combined','Incidence','All Races','Male and Female','503.4','22383'
'Florida','District 4','2012-2016','All Cancer Sites Combined','Incidence','All Races','Male and Female','515.0','22290'
'Florida','District 5','2012-2016','All Cancer Sites Combined','Incidence','All Races','Male and Female','477.0','18329'
'Florida','District 6','2012-2016','All Cancer Sites Combined','Incidence','All Races','Male and Female','457.9','26602'
'Florida','District 7','2012-2016','All Cancer Sites Combined','Incidence','All Races','Male and Female','432.6','17231'
'Florida','District 8','2012-2016','All Cancer Sites Combined','Incidence','All Races','Male and Female','477.7','27440'
'Florida','District 9','2012-2016','All Cancer Sites Combined','Incidence','All Races','Male and Female','452.6','19787'
'Florida','District 10','2012-2016','All Cancer Sites Combined','Incidence','All Races','Male and Female','426.3','15597'
'Florida','District 11','2012-2016','All Cancer Sites Combined','Incidence','All Races','Male and Female','504.6','34802'
'Florida','District 12','2012-2016','All Cancer Sites Combined','Incidence','All Races','Male and Female','490.2','26720'
'Florida','District 13','2012-2016','All Cancer Sites Combined','Incidence','All Races','Male and Female','465.7','26191'
'Florida','District 14','2012-2016','All Cancer Sites Combined','Incidence','All Races','Male and Female','477.8','19270'
'Florida','District 15','2012-2016','All Cancer Sites Combined','Incidence','All Races','Male and Female','484.5','22367'
'Florida','District 16','2012-2016','All Cancer Sites Combined','Incidence','All Races','Male and Female','452.8','27485'
'Florida','District 17','2012-2016','All Cancer Sites Combined','Incidence','All Races','Male and Female','447.2','29191'
'Florida','District 18','2012-2016','All Cancer Sites Combined','Incidence','All Races','Male and Female','444.0','25775'
'Florida','District 19','2012-2016','All Cancer Sites Combined','Incidence','All Races','Male and Female','405.2','25968'
'Florida','District 20','2012-2016','All Cancer Sites Combined','Incidence','All Races','Male and Female','444.4','21629'
'Florida','District 21','2012-2016','All Cancer Sites Combined','Incidence','All Races','Male and Female','442.0','25015'
'Florida','District 22','2012-2016','All Cancer Sites Combined','Incidence','All Races','Male and Female','444.9','20857'
'Florida','District 23','2012-2016','All Cancer Sites Combined','Incidence','All Races','Male and Female','442.3','19765'
'Florida','District 24','2012-2016','All Cancer Sites Combined','Incidence','All Races','Male and Female','417.7','18369'
'Florida','District 25','2012-2016','All Cancer Sites Combined','Incidence','All Races','Male and Female','401.2','19492'
'Florida','District 26','2012-2016','All Cancer Sites Combined','Incidence','All Races','Male and Female','414.5','18692'
'Florida','District 27','2012-2016','All Cancer Sites Combined','Incidence','All Races','Male and Female','414.0','18162'
'Georgia','District 1','2012-2016','All Cancer Sites Combined','Incidence','All Races','Male and Female','456.9','17611'
'Georgia','District 2','2012-2016','All Cancer Sites Combined','Incidence','All Races','Male and Female','475.6','18484'
'Georgia','District 3','2012-2016','All Cancer Sites Combined','Incidence','All Races','Male and Female','484.7','19256'
'Georgia','District 4','2012-2016','All Cancer Sites Combined','Incidence','All Races','Male and Female','459.4','15931'
'Georgia','District 5','2012-2016','All Cancer Sites Combined','Incidence','All Races','Male and Female','465.5','15962'
'Georgia','District 6','2012-2016','All Cancer Sites Combined','Incidence','All Races','Male and Female','464.7','16323'
'Georgia','District 7','2012-2016','All Cancer Sites Combined','Incidence','All Races','Male and Female','457.0','15066'
'Georgia','District 8','2012-2016','All Cancer Sites Combined','Incidence','All Races','Male and Female','463.6','18096'
'Georgia','District 9','2012-2016','All Cancer Sites Combined','Incidence','All Races','Male and Female','495.4','22028'
'Georgia','District 10','2012-2016','All Cancer Sites Combined','Incidence','All Races','Male and Female','476.2','18424'
'Georgia','District 11','2012-2016','All Cancer Sites Combined','Incidence','All Races','Male and Female','481.6','17483'
'Georgia','District 12','2012-2016','All Cancer Sites Combined','Incidence','All Races','Male and Female','441.9','16765'
'Georgia','District 13','2012-2016','All Cancer Sites Combined','Incidence','All Races','Male and Female','474.0','16017'
'Georgia','District 14','2012-2016','All Cancer Sites Combined','Incidence','All Races','Male and Female','454.1','17571'
'Hawaii','District 1','2012-2016','All Cancer Sites Combined','Incidence','All Races','Male and Female','425.1','17746'
'Hawaii','District 2','2012-2016','All Cancer Sites Combined','Incidence','All Races','Male and Female','404.5','17882'
'Idaho','District 1','2012-2016','All Cancer Sites Combined','Incidence','All Races','Male and Female','460.8','22195'
'Idaho','District 2','2012-2016','All Cancer Sites Combined','Incidence','All Races','Male and Female','415.8','17424'
'Illinois','District 1','2012-2016','All Cancer Sites Combined','Incidence','All Races','Male and Female','Data Suppressed','Data Suppressed'
'Illinois','District 2','2012-2016','All Cancer Sites Combined','Incidence','All Races','Male and Female','Data Suppressed','Data Suppressed'
'Illinois','District 3','2012-2016','All Cancer Sites Combined','Incidence','All Races','Male and Female','Data Suppressed','Data Suppressed'
'Illinois','District 4','2012-2016','All Cancer Sites Combined','Incidence','All Races','Male and Female','Data Suppressed','Data Suppressed'
'Illinois','District 5','2012-2016','All Cancer Sites Combined','Incidence','All Races','Male and Female','Data Suppressed','Data Suppressed'
'Illinois','District 6','2012-2016','All Cancer Sites Combined','Incidence','All Races','Male and Female','Data Suppressed','Data Suppressed'
'Illinois','District 7','2012-2016','All Cancer Sites Combined','Incidence','All Races','Male and Female','Data Suppressed','Data Suppressed'
'Illinois','District 8','2012-2016','All Cancer Sites Combined','Incidence','All Races','Male and Female','Data Suppressed','Data Suppressed'
'Illinois','District 9','2012-2016','All Cancer Sites Combined','Incidence','All Races','Male and Female','Data Suppressed','Data Suppressed'
'Illinois','District 10','2012-2016','All Cancer Sites Combined','Incidence','All Races','Male and Female','Data Suppressed','Data Suppressed'
'Illinois','District 11','2012-2016','All Cancer Sites Combined','Incidence','All Races','Male and Female','Data Suppressed','Data Suppressed'
'Illinois','District 12','2012-2016','All Cancer Sites Combined','Incidence','All Races','Male and Female','Data Suppressed','Data Suppressed'
'Illinois','District 13','2012-2016','All Cancer Sites Combined','Incidence','All Races','Male and Female','Data Suppressed','Data Suppressed'
'Illinois','District 14','2012-2016','All Cancer Sites Combined','Incidence','All Races','Male and Female','Data Suppressed','Data Suppressed'
'Illinois','District 15','2012-2016','All Cancer Sites Combined','Incidence','All Races','Male and Female','Data Suppressed','Data Suppressed'
'Illinois','District 16','2012-2016','All Cancer Sites Combined','Incidence','All Races','Male and Female','Data Suppressed','Data Suppressed'
'Illinois','District 17','2012-2016','All Cancer Sites Combined','Incidence','All Races','Male and Female','Data Suppressed','Data Suppressed'
'Illinois','District 18','2012-2016','All Cancer Sites Combined','Incidence','All Races','Male and Female','Data Suppressed','Data Suppressed'
'Indiana','District 1','2012-2016','All Cancer Sites Combined','Incidence','All Races','Male and Female','467.3','19797'
'Indiana','District 2','2012-2016','All Cancer Sites Combined','Incidence','All Races','Male and Female','432.1','18167'
'Indiana','District 3','2012-2016','All Cancer Sites Combined','Incidence','All Races','Male and Female','422.6','17484'
'Indiana','District 4','2012-2016','All Cancer Sites Combined','Incidence','All Races','Male and Female','454.6','18697'
'Indiana','District 5','2012-2016','All Cancer Sites Combined','Incidence','All Races','Male and Female','467.0','18761'
'Indiana','District 6','2012-2016','All Cancer Sites Combined','Incidence','All Races','Male and Female','470.6','20806'
'Indiana','District 7','2012-2016','All Cancer Sites Combined','Incidence','All Races','Male and Female','470.3','17441'
'Indiana','District 8','2012-2016','All Cancer Sites Combined','Incidence','All Races','Male and Female','461.7','20437'
'Indiana','District 9','2012-2016','All Cancer Sites Combined','Incidence','All Races','Male and Female','467.6','19618'
'Iowa','District 1','2012-2016','All Cancer Sites Combined','Incidence','All Races','Male and Female','475.5','22498'
'Iowa','District 2','2012-2016','All Cancer Sites Combined','Incidence','All Races','Male and Female','477.6','22233'
'Iowa','District 3','2012-2016','All Cancer Sites Combined','Incidence','All Races','Male and Female','467.1','20589'
'Iowa','District 4','2012-2016','All Cancer Sites Combined','Incidence','All Races','Male and Female','482.3','23710'
'Kansas','District 1','2012-2016','All Cancer Sites Combined','Incidence','All Races','Male and Female','Data Suppressed','Data Suppressed'
'Kansas','District 2','2012-2016','All Cancer Sites Combined','Incidence','All Races','Male and Female','Data Suppressed','Data Suppressed'
'Kansas','District 3','2012-2016','All Cancer Sites Combined','Incidence','All Races','Male and Female','Data Suppressed','Data Suppressed'
'Kansas','District 4','2012-2016','All Cancer Sites Combined','Incidence','All Races','Male and Female','Data Suppressed','Data Suppressed'
'Kentucky','District 1','2012-2016','All Cancer Sites Combined','Incidence','All Races','Male and Female','500.0','22755'
'Kentucky','District 2','2012-2016','All Cancer Sites Combined','Incidence','All Races','Male and Female','522.4','22500'
'Kentucky','District 3','2012-2016','All Cancer Sites Combined','Incidence','All Races','Male and Female','532.7','23045'
'Kentucky','District 4','2012-2016','All Cancer Sites Combined','Incidence','All Races','Male and Female','514.4','21537'
'Kentucky','District 5','2012-2016','All Cancer Sites Combined','Incidence','All Races','Male and Female','541.7','23778'
'Kentucky','District 6','2012-2016','All Cancer Sites Combined','Incidence','All Races','Male and Female','515.8','21114'
'Louisiana','District 1','2012-2016','All Cancer Sites Combined','Incidence','All Races','Male and Female','487.1','21865'
'Louisiana','District 2','2012-2016','All Cancer Sites Combined','Incidence','All Races','Male and Female','468.4','20555'
'Louisiana','District 3','2012-2016','All Cancer Sites Combined','Incidence','All Races','Male and Female','492.7','20712'
'Louisiana','District 4','2012-2016','All Cancer Sites Combined','Incidence','All Races','Male and Female','481.2','21016'
'Louisiana','District 5','2012-2016','All Cancer Sites Combined','Incidence','All Races','Male and Female','479.4','20913'
'Louisiana','District 6','2012-2016','All Cancer Sites Combined','Incidence','All Races','Male and Female','479.6','19435'
'Maine','District 1','2012-2016','All Cancer Sites Combined','Incidence','All Races','Male and Female','468.7','21363'
'Maine','District 2','2012-2016','All Cancer Sites Combined','Incidence','All Races','Male and Female','484.2','22124'
'Maryland','District 1','2012-2016','All Cancer Sites Combined','Incidence','All Races','Male and Female','496.0','22841'
'Maryland','District 2','2012-2016','All Cancer Sites Combined','Incidence','All Races','Male and Female','479.8','20981'
'Maryland','District 3','2012-2016','All Cancer Sites Combined','Incidence','All Races','Male and Female','452.7','18855'
'Maryland','District 4','2012-2016','All Cancer Sites Combined','Incidence','All Races','Male and Female','420.9','16403'
'Maryland','District 5','2012-2016','All Cancer Sites Combined','Incidence','All Races','Male and Female','430.6','16778'
'Maryland','District 6','2012-2016','All Cancer Sites Combined','Incidence','All Races','Male and Female','424.0','18912'
'Maryland','District 7','2012-2016','All Cancer Sites Combined','Incidence','All Races','Male and Female','467.7','18939'
'Maryland','District 8','2012-2016','All Cancer Sites Combined','Incidence','All Races','Male and Female','406.0','17486'
'Massachusetts','District 1','2012-2016','All Cancer Sites Combined','Incidence','All Races','Male and Female','428.2','19512'
'Massachusetts','District 2','2012-2016','All Cancer Sites Combined','Incidence','All Races','Male and Female','450.0','19622'
'Massachusetts','District 3','2012-2016','All Cancer Sites Combined','Incidence','All Races','Male and Female','449.6','19815'
'Massachusetts','District 4','2012-2016','All Cancer Sites Combined','Incidence','All Races','Male and Female','451.5','20388'
'Massachusetts','District 5','2012-2016','All Cancer Sites Combined','Incidence','All Races','Male and Female','439.9','18786'
'Massachusetts','District 6','2012-2016','All Cancer Sites Combined','Incidence','All Races','Male and Female','454.0','20587'
'Massachusetts','District 7','2012-2016','All Cancer Sites Combined','Incidence','All Races','Male and Female','438.0','16911'
'Massachusetts','District 8','2012-2016','All Cancer Sites Combined','Incidence','All Races','Male and Female','462.3','20639'
'Massachusetts','District 9','2012-2016','All Cancer Sites Combined','Incidence','All Races','Male and Female','465.9','24347'
'Michigan','District 1','2012-2016','All Cancer Sites Combined','Incidence','All Races','Male and Female','434.7','22598'
'Michigan','District 2','2012-2016','All Cancer Sites Combined','Incidence','All Races','Male and Female','418.5','17342'
'Michigan','District 3','2012-2016','All Cancer Sites Combined','Incidence','All Races','Male and Female','417.5','16574'
'Michigan','District 4','2012-2016','All Cancer Sites Combined','Incidence','All Races','Male and Female','430.5','19601'
'Michigan','District 5','2012-2016','All Cancer Sites Combined','Incidence','All Races','Male and Female','467.2','20634'
'Michigan','District 6','2012-2016','All Cancer Sites Combined','Incidence','All Races','Male and Female','417.8','17902'
'Michigan','District 7','2012-2016','All Cancer Sites Combined','Incidence','All Races','Male and Female','428.8','18503'
'Michigan','District 8','2012-2016','All Cancer Sites Combined','Incidence','All Races','Male and Female','444.7','17931'
'Michigan','District 9','2012-2016','All Cancer Sites Combined','Incidence','All Races','Male and Female','474.1','20958'
'Michigan','District 10','2012-2016','All Cancer Sites Combined','Incidence','All Races','Male and Female','462.1','20956'
'Michigan','District 11','2012-2016','All Cancer Sites Combined','Incidence','All Races','Male and Female','475.1','20060'
'Michigan','District 12','2012-2016','All Cancer Sites Combined','Incidence','All Races','Male and Female','463.4','17835'
'Michigan','District 13','2012-2016','All Cancer Sites Combined','Incidence','All Races','Male and Female','489.5','19263'
'Michigan','District 14','2012-2016','All Cancer Sites Combined','Incidence','All Races','Male and Female','479.8','19782'
'Minnesota','District 1','2012-2016','All Cancer Sites Combined','Incidence','All Races','Male and Female','Data Suppressed','Data Suppressed'
'Minnesota','District 2','2012-2016','All Cancer Sites Combined','Incidence','All Races','Male and Female','Data Suppressed','Data Suppressed'
'Minnesota','District 3','2012-2016','All Cancer Sites Combined','Incidence','All Races','Male and Female','Data Suppressed','Data Suppressed'
'Minnesota','District 4','2012-2016','All Cancer Sites Combined','Incidence','All Races','Male and Female','Data Suppressed','Data Suppressed'
'Minnesota','District 5','2012-2016','All Cancer Sites Combined','Incidence','All Races','Male and Female','Data Suppressed','Data Suppressed'
'Minnesota','District 6','2012-2016','All Cancer Sites Combined','Incidence','All Races','Male and Female','Data Suppressed','Data Suppressed'
'Minnesota','District 7','2012-2016','All Cancer Sites Combined','Incidence','All Races','Male and Female','Data Suppressed','Data Suppressed'
'Minnesota','District 8','2012-2016','All Cancer Sites Combined','Incidence','All Races','Male and Female','Data Suppressed','Data Suppressed'
'Mississippi','District 1','2012-2016','All Cancer Sites Combined','Incidence','All Races','Male and Female','462.8','19950'
'Mississippi','District 2','2012-2016','All Cancer Sites Combined','Incidence','All Races','Male and Female','486.2','19593'
'Mississippi','District 3','2012-2016','All Cancer Sites Combined','Incidence','All Races','Male and Female','457.4','19700'
'Mississippi','District 4','2012-2016','All Cancer Sites Combined','Incidence','All Races','Male and Female','472.7','20342'
'Missouri','District 1','2012-2016','All Cancer Sites Combined','Incidence','All Races','Male and Female','474.3','20724'
'Missouri','District 2','2012-2016','All Cancer Sites Combined','Incidence','All Races','Male and Female','471.4','21858'
'Missouri','District 3','2012-2016','All Cancer Sites Combined','Incidence','All Races','Male and Female','462.0','20752'
'Missouri','District 4','2012-2016','All Cancer Sites Combined','Incidence','All Races','Male and Female','451.3','19826'
'Missouri','District 5','2012-2016','All Cancer Sites Combined','Incidence','All Races','Male and Female','460.8','19748'
'Missouri','District 6','2012-2016','All Cancer Sites Combined','Incidence','All Races','Male and Female','458.4','20700'
'Missouri','District 7','2012-2016','All Cancer Sites Combined','Incidence','All Races','Male and Female','420.6','19416'
'Missouri','District 8','2012-2016','All Cancer Sites Combined','Incidence','All Races','Male and Female','455.0','21686'
'Montana','One at large','2012-2016','All Cancer Sites Combined','Incidence','All Races','Male and Female','454.4','29507'
'Nebraska','District 1','2012-2016','All Cancer Sites Combined','Incidence','All Races','Male and Female','445.8','15521'
'Nebraska','District 2','2012-2016','All Cancer Sites Combined','Incidence','All Races','Male and Female','470.6','14829'
'Nebraska','District 3','2012-2016','All Cancer Sites Combined','Incidence','All Races','Male and Female','444.2','17796'
'Nevada','District 1','2012-2016','All Cancer Sites Combined','Incidence','All Races','Male and Female','382.9','14603'
'Nevada','District 2','2012-2016','All Cancer Sites Combined','Incidence','All Races','Male and Female','412.3','17236'
'Nevada','District 3','2012-2016','All Cancer Sites Combined','Incidence','All Races','Male and Female','382.9','14608'
'Nevada','District 4','2012-2016','All Cancer Sites Combined','Incidence','All Races','Male and Female','386.3','15510'
'New Hampshire','District 1','2012-2016','All Cancer Sites Combined','Incidence','All Races','Male and Female','492.3','20636'
'New Hampshire','District 2','2012-2016','All Cancer Sites Combined','Incidence','All Races','Male and Female','476.0','19998'
'New Jersey','District 1','2012-2016','All Cancer Sites Combined','Incidence','All Races','Male and Female','525.8','22250'
'New Jersey','District 2','2012-2016','All Cancer Sites Combined','Incidence','All Races','Male and Female','519.3','24128'
'New Jersey','District 3','2012-2016','All Cancer Sites Combined','Incidence','All Races','Male and Female','525.6','25800'
'New Jersey','District 4','2012-2016','All Cancer Sites Combined','Incidence','All Races','Male and Female','516.8','24708'
'New Jersey','District 5','2012-2016','All Cancer Sites Combined','Incidence','All Races','Male and Female','475.5','22097'
'New Jersey','District 6','2012-2016','All Cancer Sites Combined','Incidence','All Races','Male and Female','476.8','20501'
'New Jersey','District 7','2012-2016','All Cancer Sites Combined','Incidence','All Races','Male and Female','471.0','20872'
'New Jersey','District 8','2012-2016','All Cancer Sites Combined','Incidence','All Races','Male and Female','417.8','16198'
'New Jersey','District 9','2012-2016','All Cancer Sites Combined','Incidence','All Races','Male and Female','456.4','20018'
'New Jersey','District 10','2012-2016','All Cancer Sites Combined','Incidence','All Races','Male and Female','441.6','17433'
'New Jersey','District 11','2012-2016','All Cancer Sites Combined','Incidence','All Races','Male and Female','475.5','20520'
'New Jersey','District 12','2012-2016','All Cancer Sites Combined','Incidence','All Races','Male and Female','476.3','20101'
'New Mexico','District 1','2012-2016','All Cancer Sites Combined','Incidence','All Races','Male and Female','391.4','15493'
'New Mexico','District 2','2012-2016','All Cancer Sites Combined','Incidence','All Races','Male and Female','380.2','15346'
'New Mexico','District 3','2012-2016','All Cancer Sites Combined','Incidence','All Races','Male and Female','351.2','14657'
'New York','District 1','2012-2016','All Cancer Sites Combined','Incidence','All Races','Male and Female','530.4','23016'
'New York','District 2','2012-2016','All Cancer Sites Combined','Incidence','All Races','Male and Female','525.1','23157'
'New York','District 3','2012-2016','All Cancer Sites Combined','Incidence','All Races','Male and Female','501.6','22424'
'New York','District 4','2012-2016','All Cancer Sites Combined','Incidence','All Races','Male and Female','509.5','23583'
'New York','District 5','2012-2016','All Cancer Sites Combined','Incidence','All Races','Male and Female','430.8','18463'
'New York','District 6','2012-2016','All Cancer Sites Combined','Incidence','All Races','Male and Female','420.7','17800'
'New York','District 7','2012-2016','All Cancer Sites Combined','Incidence','All Races','Male and Female','439.6','17418'
'New York','District 8','2012-2016','All Cancer Sites Combined','Incidence','All Races','Male and Female','440.6','17042'
'New York','District 9','2012-2016','All Cancer Sites Combined','Incidence','All Races','Male and Female','442.0','16990'
'New York','District 10','2012-2016','All Cancer Sites Combined','Incidence','All Races','Male and Female','446.3','18240'
'New York','District 11','2012-2016','All Cancer Sites Combined','Incidence','All Races','Male and Female','494.1','20360'
'New York','District 12','2012-2016','All Cancer Sites Combined','Incidence','All Races','Male and Female','444.1','18710'
'New York','District 13','2012-2016','All Cancer Sites Combined','Incidence','All Races','Male and Female','448.2','18366'
'New York','District 14','2012-2016','All Cancer Sites Combined','Incidence','All Races','Male and Female','428.6','17285'
'New York','District 15','2012-2016','All Cancer Sites Combined','Incidence','All Races','Male and Female','444.6','16228'
'New York','District 16','2012-2016','All Cancer Sites Combined','Incidence','All Races','Male and Female','467.2','19711'
'New York','District 17','2012-2016','All Cancer Sites Combined','Incidence','All Races','Male and Female','479.8','21007'
'New York','District 18','2012-2016','All Cancer Sites Combined','Incidence','All Races','Male and Female','495.5','20438'
'New York','District 19','2012-2016','All Cancer Sites Combined','Incidence','All Races','Male and Female','482.7','22895'
'New York','District 20','2012-2016','All Cancer Sites Combined','Incidence','All Races','Male and Female','514.4','22703'
'New York','District 21','2012-2016','All Cancer Sites Combined','Incidence','All Races','Male and Female','510.5','22565'
'New York','District 22','2012-2016','All Cancer Sites Combined','Incidence','All Races','Male and Female','506.4','22935'
'New York','District 23','2012-2016','All Cancer Sites Combined','Incidence','All Races','Male and Female','499.1','22570'
'New York','District 24','2012-2016','All Cancer Sites Combined','Incidence','All Races','Male and Female','518.8','22752'
'New York','District 25','2012-2016','All Cancer Sites Combined','Incidence','All Races','Male and Female','496.5','21545'
'New York','District 26','2012-2016','All Cancer Sites Combined','Incidence','All Races','Male and Female','547.7','25086'
'New York','District 27','2012-2016','All Cancer Sites Combined','Incidence','All Races','Male and Female','529.5','24227'
'North Carolina','District 1','2012-2016','All Cancer Sites Combined','Incidence','All Races','Male and Female','451.4','19804'
'North Carolina','District 2','2012-2016','All Cancer Sites Combined','Incidence','All Races','Male and Female','459.9','18547'
'North Carolina','District 3','2012-2016','All Cancer Sites Combined','Incidence','All Races','Male and Female','474.3','20265'
'North Carolina','District 4','2012-2016','All Cancer Sites Combined','Incidence','All Races','Male and Female','459.3','17400'
'North Carolina','District 5','2012-2016','All Cancer Sites Combined','Incidence','All Races','Male and Female','473.0','22128'
'North Carolina','District 6','2012-2016','All Cancer Sites Combined','Incidence','All Races','Male and Female','490.1','23028'
'North Carolina','District 7','2012-2016','All Cancer Sites Combined','Incidence','All Races','Male and Female','454.3','22265'
'North Carolina','District 8','2012-2016','All Cancer Sites Combined','Incidence','All Races','Male and Female','466.9','19740'
'North Carolina','District 9','2012-2016','All Cancer Sites Combined','Incidence','All Races','Male and Female','443.3','17536'
'North Carolina','District 10','2012-2016','All Cancer Sites Combined','Incidence','All Races','Male and Female','480.0','22798'
'North Carolina','District 11','2012-2016','All Cancer Sites Combined','Incidence','All Races','Male and Female','468.6','25556'
'North Carolina','District 12','2012-2016','All Cancer Sites Combined','Incidence','All Races','Male and Female','449.3','16684'
'North Carolina','District 13','2012-2016','All Cancer Sites Combined','Incidence','All Races','Male and Female','482.8','21644'
'North Dakota','One at large','2012-2016','All Cancer Sites Combined','Incidence','All Races','Male and Female','453.8','18624'
'Ohio','District 1','2012-2016','All Cancer Sites Combined','Incidence','All Races','Male and Female','463.7','19089'
'Ohio','District 2','2012-2016','All Cancer Sites Combined','Incidence','All Races','Male and Female','473.6','20271'
'Ohio','District 3','2012-2016','All Cancer Sites Combined','Incidence','All Races','Male and Female','465.1','17109'
'Ohio','District 4','2012-2016','All Cancer Sites Combined','Incidence','All Races','Male and Female','465.3','20593'
'Ohio','District 5','2012-2016','All Cancer Sites Combined','Incidence','All Races','Male and Female','453.7','19615'
'Ohio','District 6','2012-2016','All Cancer Sites Combined','Incidence','All Races','Male and Female','455.0','21777'
'Ohio','District 7','2012-2016','All Cancer Sites Combined','Incidence','All Races','Male and Female','455.2','20918'
'Ohio','District 8','2012-2016','All Cancer Sites Combined','Incidence','All Races','Male and Female','455.2','19581'
'Ohio','District 9','2012-2016','All Cancer Sites Combined','Incidence','All Races','Male and Female','473.9','21271'
'Ohio','District 10','2012-2016','All Cancer Sites Combined','Incidence','All Races','Male and Female','460.6','20625'
'Ohio','District 11','2012-2016','All Cancer Sites Combined','Incidence','All Races','Male and Female','472.7','21446'
'Ohio','District 12','2012-2016','All Cancer Sites Combined','Incidence','All Races','Male and Female','468.7','19467'
'Ohio','District 13','2012-2016','All Cancer Sites Combined','Incidence','All Races','Male and Female','451.4','21243'
'Ohio','District 14','2012-2016','All Cancer Sites Combined','Incidence','All Races','Male and Female','462.1','21635'
'Ohio','District 15','2012-2016','All Cancer Sites Combined','Incidence','All Races','Male and Female','463.8','18690'
'Ohio','District 16','2012-2016','All Cancer Sites Combined','Incidence','All Races','Male and Female','462.4','20963'
'Oklahoma','District 1','2012-2016','All Cancer Sites Combined','Incidence','All Races','Male and Female','471.0','20077'
'Oklahoma','District 2','2012-2016','All Cancer Sites Combined','Incidence','All Races','Male and Female','440.6','21147'
'Oklahoma','District 3','2012-2016','All Cancer Sites Combined','Incidence','All Races','Male and Female','443.5','19626'
'Oklahoma','District 4','2012-2016','All Cancer Sites Combined','Incidence','All Races','Male and Female','450.1','18865'
'Oklahoma','District 5','2012-2016','All Cancer Sites Combined','Incidence','All Races','Male and Female','465.9','19450'
'Oregon','District 1','2012-2016','All Cancer Sites Combined','Incidence','All Races','Male and Female','429.3','18498'
'Oregon','District 2','2012-2016','All Cancer Sites Combined','Incidence','All Races','Male and Female','417.7','22541'
'Oregon','District 3','2012-2016','All Cancer Sites Combined','Incidence','All Races','Male and Female','457.2','19413'
'Oregon','District 4','2012-2016','All Cancer Sites Combined','Incidence','All Races','Male and Female','401.8','21419'
'Oregon','District 5','2012-2016','All Cancer Sites Combined','Incidence','All Races','Male and Female','454.2','22078'
'Pennsylvania','District 1','2012-2016','All Cancer Sites Combined','Incidence','All Races','Male and Female','493.0','22705'
'Pennsylvania','District 2','2012-2016','All Cancer Sites Combined','Incidence','All Races','Male and Female','510.1','19173'
'Pennsylvania','District 3','2012-2016','All Cancer Sites Combined','Incidence','All Races','Male and Female','510.1','19154'
'Pennsylvania','District 4','2012-2016','All Cancer Sites Combined','Incidence','All Races','Male and Female','483.0','21869'
'Pennsylvania','District 5','2012-2016','All Cancer Sites Combined','Incidence','All Races','Male and Female','506.5','21220'
'Pennsylvania','District 6','2012-2016','All Cancer Sites Combined','Incidence','All Races','Male and Female','481.6','20592'
'Pennsylvania','District 7','2012-2016','All Cancer Sites Combined','Incidence','All Races','Male and Female','511.2','22930'
'Pennsylvania','District 8','2012-2016','All Cancer Sites Combined','Incidence','All Races','Male and Female','485.0','23039'
'Pennsylvania','District 9','2012-2016','All Cancer Sites Combined','Incidence','All Races','Male and Female','492.4','23079'
'Pennsylvania','District 10','2012-2016','All Cancer Sites Combined','Incidence','All Races','Male and Female','470.4','20951'
'Pennsylvania','District 11','2012-2016','All Cancer Sites Combined','Incidence','All Races','Male and Female','465.2','20590'
'Pennsylvania','District 12','2012-2016','All Cancer Sites Combined','Incidence','All Races','Male and Female','470.9','21738'
'Pennsylvania','District 13','2012-2016','All Cancer Sites Combined','Incidence','All Races','Male and Female','467.6','22668'
'Pennsylvania','District 14','2012-2016','All Cancer Sites Combined','Incidence','All Races','Male and Female','491.4','24472'
'Pennsylvania','District 15','2012-2016','All Cancer Sites Combined','Incidence','All Races','Male and Female','472.9','22275'
'Pennsylvania','District 16','2012-2016','All Cancer Sites Combined','Incidence','All Races','Male and Female','488.0','22415'
'Pennsylvania','District 17','2012-2016','All Cancer Sites Combined','Incidence','All Races','Male and Female','494.1','23414'
'Pennsylvania','District 18','2012-2016','All Cancer Sites Combined','Incidence','All Races','Male and Female','493.6','23017'
'Rhode Island','District 1','2012-2016','All Cancer Sites Combined','Incidence','All Races','Male and Female','470.2','14931'
'Rhode Island','District 2','2012-2016','All Cancer Sites Combined','Incidence','All Races','Male and Female','483.9','15877'
'South Carolina','District 1','2012-2016','All Cancer Sites Combined','Incidence','All Races','Male and Female','453.8','19283'
'South Carolina','District 2','2012-2016','All Cancer Sites Combined','Incidence','All Races','Male and Female','438.9','17004'
'South Carolina','District 3','2012-2016','All Cancer Sites Combined','Incidence','All Races','Male and Female','460.5','19664'
'South Carolina','District 4','2012-2016','All Cancer Sites Combined','Incidence','All Races','Male and Female','468.7','18807'
'South Carolina','District 5','2012-2016','All Cancer Sites Combined','Incidence','All Races','Male and Female','469.0','19405'
'South Carolina','District 6','2012-2016','All Cancer Sites Combined','Incidence','All Races','Male and Female','451.7','17784'
'South Carolina','District 7','2012-2016','All Cancer Sites Combined','Incidence','All Races','Male and Female','461.6','21488'
'South Dakota','One at large','2012-2016','All Cancer Sites Combined','Incidence','All Races','Male and Female','456.0','22571'
'Tennessee','District 1','2012-2016','All Cancer Sites Combined','Incidence','All Races','Male and Female','467.7','22611'
'Tennessee','District 2','2012-2016','All Cancer Sites Combined','Incidence','All Races','Male and Female','475.2','21420'
'Tennessee','District 3','2012-2016','All Cancer Sites Combined','Incidence','All Races','Male and Female','464.6','21708'
'Tennessee','District 4','2012-2016','All Cancer Sites Combined','Incidence','All Races','Male and Female','463.0','19200'
'Tennessee','District 5','2012-2016','All Cancer Sites Combined','Incidence','All Races','Male and Female','456.2','17130'
'Tennessee','District 6','2012-2016','All Cancer Sites Combined','Incidence','All Races','Male and Female','465.8','21512'
'Tennessee','District 7','2012-2016','All Cancer Sites Combined','Incidence','All Races','Male and Female','458.6','19048'
'Tennessee','District 8','2012-2016','All Cancer Sites Combined','Incidence','All Races','Male and Female','458.5','19077'
'Tennessee','District 9','2012-2016','All Cancer Sites Combined','Incidence','All Races','Male and Female','458.3','16733'
'Texas','District 1','2012-2016','All Cancer Sites Combined','Incidence','All Races','Male and Female','440.9','18502'
'Texas','District 2','2012-2016','All Cancer Sites Combined','Incidence','All Races','Male and Female','400.1','13181'
'Texas','District 3','2012-2016','All Cancer Sites Combined','Incidence','All Races','Male and Female','405.1','14427'
'Texas','District 4','2012-2016','All Cancer Sites Combined','Incidence','All Races','Male and Female','444.8','19510'
'Texas','District 5','2012-2016','All Cancer Sites Combined','Incidence','All Races','Male and Female','443.7','17522'
'Texas','District 6','2012-2016','All Cancer Sites Combined','Incidence','All Races','Male and Female','436.6','15635'
'Texas','District 7','2012-2016','All Cancer Sites Combined','Incidence','All Races','Male and Female','400.1','13181'
'Texas','District 8','2012-2016','All Cancer Sites Combined','Incidence','All Races','Male and Female','407.8','16669'
'Texas','District 9','2012-2016','All Cancer Sites Combined','Incidence','All Races','Male and Female','393.9','13293'
'Texas','District 10','2012-2016','All Cancer Sites Combined','Incidence','All Races','Male and Female','395.6','14482'
'Texas','District 11','2012-2016','All Cancer Sites Combined','Incidence','All Races','Male and Female','408.7','17420'
'Texas','District 12','2012-2016','All Cancer Sites Combined','Incidence','All Races','Male and Female','439.6','15959'
'Texas','District 13','2012-2016','All Cancer Sites Combined','Incidence','All Races','Male and Female','428.4','16882'
'Texas','District 14','2012-2016','All Cancer Sites Combined','Incidence','All Races','Male and Female','403.2','15822'
'Texas','District 15','2012-2016','All Cancer Sites Combined','Incidence','All Races','Male and Female','349.5','11871'
'Texas','District 16','2012-2016','All Cancer Sites Combined','Incidence','All Races','Male and Female','393.6','13278'
'Texas','District 17','2012-2016','All Cancer Sites Combined','Incidence','All Races','Male and Female','403.2','14517'
'Texas','District 18','2012-2016','All Cancer Sites Combined','Incidence','All Races','Male and Female','400.1','13181'
'Texas','District 19','2012-2016','All Cancer Sites Combined','Incidence','All Races','Male and Female','407.5','15166'
'Texas','District 20','2012-2016','All Cancer Sites Combined','Incidence','All Races','Male and Female','388.1','13943'
'Texas','District 21','2012-2016','All Cancer Sites Combined','Incidence','All Races','Male and Female','386.1','15944'
'Texas','District 22','2012-2016','All Cancer Sites Combined','Incidence','All Races','Male and Female','384.3','13935'
'Texas','District 23','2012-2016','All Cancer Sites Combined','Incidence','All Races','Male and Female','373.3','13666'
'Texas','District 24','2012-2016','All Cancer Sites Combined','Incidence','All Races','Male and Female','423.9','14321'
'Texas','District 25','2012-2016','All Cancer Sites Combined','Incidence','All Races','Male and Female','427.2','15946'
'Texas','District 26','2012-2016','All Cancer Sites Combined','Incidence','All Races','Male and Female','412.2','13911'
'Texas','District 27','2012-2016','All Cancer Sites Combined','Incidence','All Races','Male and Female','408.2','16912'
'Texas','District 28','2012-2016','All Cancer Sites Combined','Incidence','All Races','Male and Female','357.5','11748'
'Texas','District 29','2012-2016','All Cancer Sites Combined','Incidence','All Races','Male and Female','400.1','13181'
'Texas','District 30','2012-2016','All Cancer Sites Combined','Incidence','All Races','Male and Female','419.7','13945'
'Texas','District 31','2012-2016','All Cancer Sites Combined','Incidence','All Races','Male and Female','439.3','15403'
'Texas','District 32','2012-2016','All Cancer Sites Combined','Incidence','All Races','Male and Female','418.7','13976'
'Texas','District 33','2012-2016','All Cancer Sites Combined','Incidence','All Races','Male and Female','428.3','14524'
'Texas','District 34','2012-2016','All Cancer Sites Combined','Incidence','All Races','Male and Female','376.9','13179'
'Texas','District 35','2012-2016','All Cancer Sites Combined','Incidence','All Races','Male and Female','389.0','13918'
'Texas','District 36','2012-2016','All Cancer Sites Combined','Incidence','All Races','Male and Female','425.9','16430'
'Utah','District 1','2012-2016','All Cancer Sites Combined','Incidence','All Races','Male and Female','397.4','12607'
'Utah','District 2','2012-2016','All Cancer Sites Combined','Incidence','All Races','Male and Female','411.6','14543'
'Utah','District 3','2012-2016','All Cancer Sites Combined','Incidence','All Races','Male and Female','393.4','10972'
'Utah','District 4','2012-2016','All Cancer Sites Combined','Incidence','All Races','Male and Female','405.9','12612'
'Vermont','One at large','2012-2016','All Cancer Sites Combined','Incidence','All Races','Male and Female','452.8','18390'
'Virginia','District 1','2012-2016','All Cancer Sites Combined','Incidence','All Races','Male and Female','443.5','19547'
'Virginia','District 2','2012-2016','All Cancer Sites Combined','Incidence','All Races','Male and Female','462.0','18011'
'Virginia','District 3','2012-2016','All Cancer Sites Combined','Incidence','All Races','Male and Female','462.5','18097'
'Virginia','District 4','2012-2016','All Cancer Sites Combined','Incidence','All Races','Male and Female','463.7','19465'
'Virginia','District 5','2012-2016','All Cancer Sites Combined','Incidence','All Races','Male and Female','432.6','21210'
'Virginia','District 6','2012-2016','All Cancer Sites Combined','Incidence','All Races','Male and Female','446.9','21093'
'Virginia','District 7','2012-2016','All Cancer Sites Combined','Incidence','All Races','Male and Female','451.8','19775'
'Virginia','District 8','2012-2016','All Cancer Sites Combined','Incidence','All Races','Male and Female','348.0','13075'
'Virginia','District 9','2012-2016','All Cancer Sites Combined','Incidence','All Races','Male and Female','367.3','17708'
'Virginia','District 10','2012-2016','All Cancer Sites Combined','Incidence','All Races','Male and Female','369.8','14004'
'Virginia','District 11','2012-2016','All Cancer Sites Combined','Incidence','All Races','Male and Female','350.4','13283'
'Washington','District 1','2012-2016','All Cancer Sites Combined','Incidence','All Races','Male and Female','464.0','18041'
'Washington','District 2','2012-2016','All Cancer Sites Combined','Incidence','All Races','Male and Female','474.9','19515'
'Washington','District 3','2012-2016','All Cancer Sites Combined','Incidence','All Races','Male and Female','433.7','18305'
'Washington','District 4','2012-2016','All Cancer Sites Combined','Incidence','All Races','Male and Female','407.0','14773'
'Washington','District 5','2012-2016','All Cancer Sites Combined','Incidence','All Races','Male and Female','406.7','16692'
'Washington','District 6','2012-2016','All Cancer Sites Combined','Incidence','All Races','Male and Female','490.2','21925'
'Washington','District 7','2012-2016','All Cancer Sites Combined','Incidence','All Races','Male and Female','446.9','16901'
'Washington','District 8','2012-2016','All Cancer Sites Combined','Incidence','All Races','Male and Female','449.5','17289'
'Washington','District 9','2012-2016','All Cancer Sites Combined','Incidence','All Races','Male and Female','445.9','16850'
'Washington','District 10','2012-2016','All Cancer Sites Combined','Incidence','All Races','Male and Female','479.0','18694'
'West Virginia','District 1','2012-2016','All Cancer Sites Combined','Incidence','All Races','Male and Female','460.9','18654'
'West Virginia','District 2','2012-2016','All Cancer Sites Combined','Incidence','All Races','Male and Female','476.6','19394'
'West Virginia','District 3','2012-2016','All Cancer Sites Combined','Incidence','All Races','Male and Female','494.4','20215'
'Wisconsin','District 1','2012-2016','All Cancer Sites Combined','Incidence','All Races','Male and Female','496.0','20526'
'Wisconsin','District 2','2012-2016','All Cancer Sites Combined','Incidence','All Races','Male and Female','453.2','18088'
'Wisconsin','District 3','2012-2016','All Cancer Sites Combined','Incidence','All Races','Male and Female','434.7','19165'
'Wisconsin','District 4','2012-2016','All Cancer Sites Combined','Incidence','All Races','Male and Female','499.0','18398'
'Wisconsin','District 5','2012-2016','All Cancer Sites Combined','Incidence','All Races','Male and Female','475.9','20803'
'Wisconsin','District 6','2012-2016','All Cancer Sites Combined','Incidence','All Races','Male and Female','465.8','21265'
'Wisconsin','District 7','2012-2016','All Cancer Sites Combined','Incidence','All Races','Male and Female','454.9','22349'
'Wisconsin','District 8','2012-2016','All Cancer Sites Combined','Incidence','All Races','Male and Female','459.3','20128'
'Wyoming','One at large','2012-2016','All Cancer Sites Combined','Incidence','All Races','Male and Female','397.3','13189'